{"cameraMode":{"drawMode":0,"name":"Shaded","section":"Shading Mode"},"sceneLighting":false,"audioPlay":false,"sceneViewState":{"m_AlwaysRefresh":false,"showFog":true,"showSkybox":false,"showFlares":true,"showImageEffects":true,"showParticleSystems":true,"showVisualEffectGraphs":true,"m_FxEnabled":true},"in2DMode":false,"pivot":{"x":-3.823082208633423,"y":2.5758583545684816,"z":-0.07283410429954529},"rotation":{"x":-0.09096644818782807,"y":-0.6914934515953064,"z":0.08767654001712799,"w":-0.7117164731025696},"size":0.25980761647224429,"orthographic":false}